playerId,name,team,proj_gp,proj_wins,proj_save_pct,proj_gaa,proj_saves,proj_shutouts,proj_shots_against
8476883,Andrei Vasilevskiy,TBL,54.0,31.4,0.9118,2.36,1317.0,2.9,1444.0
8479979,Jake Oettinger,DAL,51.5,30.1,0.9033,2.58,1243.0,2.7,1376.0
8476945,Connor Hellebuyck,WPG,54.6,28.8,0.9088,2.49,1355.0,3.0,1491.0
8475683,Sergei Bobrovsky,FLA,50.2,26.6,0.895,2.7,1157.0,3.6,1292.0
8478872,Karel Vejmelka,UTA,53.2,26.2,0.8993,2.65,1260.0,1.8,1401.0
8480313,Logan Thompson,WSH,48.2,26.2,0.9092,2.48,1200.0,2.5,1320.0
8478009,Ilya Sorokin,NYI,52.9,25.5,0.9061,2.64,1348.0,3.9,1488.0
8479406,Filip Gustavsson,MIN,48.9,24.7,0.9061,2.62,1238.0,3.3,1366.0
8478048,Igor Shesterkin,NYR,51.2,24.6,0.908,2.58,1305.0,2.7,1437.0
8480280,Jeremy Swayman,BOS,50.6,24.2,0.9029,2.73,1284.0,2.5,1422.0
8477424,Juuse Saros,NSH,54.6,24.0,0.897,2.88,1372.0,2.0,1529.0
8479973,Stuart Skinner,"EDM,PIT",48.9,23.6,0.8949,2.75,1144.0,2.2,1278.0
8476999,Linus Ullmark,OTT,44.4,23.3,0.901,2.63,1064.0,2.7,1181.0
8480843,Lukas Dostal,ANA,50.0,22.8,0.8961,2.91,1256.0,1.2,1402.0
8483548,Brandon Bussi,CAR,39.2,22.0,0.8972,2.52,863.0,2.0,962.0
8474593,Jacob Markstrom,NJD,44.8,21.9,0.8944,2.76,1046.0,2.1,1169.0
8480045,Ukko-Pekka Luukkonen,BUF,43.6,21.6,0.9002,2.69,1059.0,2.0,1177.0
8480382,Alexandar Georgiev,"COL,SJS",50.2,21.2,0.8869,3.08,1216.0,1.3,1371.0
8478406,Mackenzie Blackwood,COL,44.1,20.9,0.9053,2.54,1071.0,2.7,1183.0
8481692,Dustin Wolf,CGY,46.8,20.8,0.9023,2.71,1171.0,2.0,1297.0
8478916,Joey Daccord,SEA,48.1,20.8,0.9031,2.68,1201.0,2.1,1330.0
8475809,Scott Wedgewood,COL,36.9,20.5,0.9115,2.24,851.0,2.3,934.0
8475311,Darcy Kuemper,LAK,45.4,20.5,0.9017,2.54,1059.0,2.8,1175.0
8476412,Jordan Binnington,STL,46.5,19.6,0.8937,2.83,1108.0,2.0,1240.0
8476434,John Gibson,DET,44.4,19.4,0.9011,2.65,1073.0,2.0,1191.0
8478435,Dan Vladar,PHI,39.5,18.7,0.901,2.58,927.0,1.1,1029.0
8480981,Joel Hofer,STL,38.8,18.7,0.9069,2.49,940.0,2.9,1036.0
8481519,Spencer Knight,CHI,46.2,18.1,0.9016,2.73,1157.0,2.4,1283.0
8482487,Jakub Dobes,MTL,34.2,18.0,0.9021,2.69,845.0,0.9,937.0
8478499,Adin Hill,VGK,37.0,18.0,0.8961,2.64,842.0,2.0,940.0
8479361,Joseph Woll,TOR,38.2,17.9,0.9028,2.86,1015.0,1.5,1124.0
8481035,Samuel Ersson,PHI,40.5,17.7,0.8834,2.88,882.0,1.6,999.0
8478470,Samuel Montembeault,MTL,40.0,17.6,0.8946,2.88,977.0,1.6,1092.0
8479312,Alex Lyon,BUF,36.5,17.6,0.903,2.61,885.0,2.0,981.0
8478007,Elvis Merzlikins,CBJ,39.6,17.5,0.8916,3.06,999.0,1.4,1120.0
8475660,Cam Talbot,DET,41.2,17.3,0.8979,2.68,972.0,1.5,1083.0
8478492,Ilya Samsonov,VGK,34.5,17.2,0.8932,2.85,821.0,2.1,919.0
8477465,Tristan Jarry,"PIT,EDM",37.8,17.2,0.8925,2.84,891.0,2.3,998.0
8477968,Alex Nedeljkovic,SJS,39.2,16.7,0.897,2.78,949.0,1.0,1058.0
8482661,Jesper Wallstedt,MIN,36.2,16.6,0.9091,2.59,940.0,3.2,1034.0
8480947,Kevin Lankinen,VAN,43.4,16.2,0.8904,2.95,1039.0,1.7,1167.0
8481611,Pyotr Kochetkov,CAR,30.4,15.8,0.901,2.48,686.0,1.8,761.0
8482982,Jet Greaves,CBJ,34.5,15.8,0.9085,2.58,884.0,1.7,973.0
8479292,Charlie Lindgren,WSH,33.9,15.6,0.8955,2.84,826.0,1.8,922.0
8474596,Jake Allen,NJD,35.9,15.3,0.9029,2.7,901.0,1.8,998.0
8478971,Connor Ingram,EDM,33.8,15.2,0.898,2.66,790.0,1.9,880.0
8470594,Marc-Andre Fleury,MIN,33.0,15.1,0.8979,2.69,781.0,1.5,870.0
8476932,Anthony Stolarz,TOR,31.6,15.0,0.9082,2.5,782.0,1.7,861.0
8479496,David Rittich,NYI,32.8,14.9,0.8968,2.55,727.0,1.6,811.0
8476914,Joonas Korpisalo,BOS,35.2,14.8,0.8941,2.86,853.0,1.6,954.0
8476341,Anton Forsberg,LAK,34.8,14.8,0.9033,2.55,828.0,2.4,916.0
8482137,Yaroslav Askarov,SJS,35.0,14.8,0.89,3.08,873.0,0.7,981.0
8475883,Frederik Andersen,CAR,30.6,14.7,0.8906,2.77,690.0,1.1,775.0
8479193,Casey DeSmith,DAL,31.6,14.6,0.9056,2.51,762.0,1.5,841.0
8477967,Thatcher Demko,VAN,29.6,14.0,0.9017,2.63,714.0,1.7,792.0
8481033,Akira Schmid,VGK,32.7,14.0,0.8956,2.56,717.0,1.6,801.0
8476316,Laurent Brossoit,WPG,27.2,13.3,0.9125,2.36,671.0,2.6,736.0
8481668,Arturs Silovs,PIT,30.5,13.2,0.8904,2.87,713.0,1.4,801.0
8475831,Philipp Grubauer,SEA,33.0,12.9,0.8982,2.73,794.0,0.8,884.0
8475717,Calvin Pickard,EDM,27.9,12.9,0.8937,2.69,631.0,0.6,706.0
8481020,Justus Annunen,NSH,30.8,12.7,0.8999,2.58,712.0,1.1,792.0
8477293,Antti Raanta,CAR,28.0,12.3,0.889,2.5,560.0,1.2,630.0
8478039,Kaapo Kahkonen,"SJS,NJD",37.8,12.1,0.8989,3.0,1007.0,1.3,1121.0
8479394,Carter Hart,VGK,25.0,12.0,0.898,2.61,574.0,0.7,639.0
8477992,Jonas Johansson,TBL,27.4,12.0,0.8914,3.0,674.0,1.0,756.0
8480193,Daniil Tarasov,FLA,30.4,11.9,0.8955,2.94,766.0,0.8,855.0
8474889,Martin Jones,TOR,26.5,11.7,0.9011,2.61,630.0,1.9,700.0
8471734,Jonathan Quick,NYR,28.8,11.5,0.8968,2.81,703.0,2.2,784.0
8477480,Eric Comrie,WPG,25.6,11.1,0.8978,2.72,614.0,1.0,683.0
8482445,Devin Cooley,CGY,28.6,10.9,0.9037,2.64,709.0,0.5,784.0
8478905,Ivan Fedotov,PHI,29.5,10.8,0.8909,2.72,655.0,0.6,736.0
8473503,James Reimer,OTT,24.4,10.7,0.8969,2.67,566.0,1.4,631.0
8475852,Petr Mrazek,ANA,30.2,10.6,0.8937,2.98,757.0,0.9,847.0
8482821,Arvid Soderblom,CHI,32.8,10.5,0.8898,3.2,847.0,0.9,951.0
8484170,Jacob Fowler,MTL,22.8,10.1,0.9032,2.57,546.0,1.2,605.0
8482447,Leevi Meriläinen,OTT,22.6,9.9,0.8899,2.7,492.0,1.4,553.0
8484268,Nikita Tolopilo,VAN,25.8,9.8,0.892,2.98,632.0,0.5,709.0
8477970,Vitek Vanecek,UTA,28.5,9.7,0.889,2.91,665.0,1.1,748.0
8478024,Ville Husso,ANA,23.1,9.6,0.8915,2.93,557.0,0.4,624.0
8481551,Colten Ellis,BUF,22.0,9.6,0.9013,2.77,556.0,1.2,617.0
8473575,Semyon Varlamov,NYI,22.0,9.2,0.904,2.69,557.0,1.2,616.0
8482783,Aleksei Kolosov,PHI,22.8,8.9,0.8885,2.77,502.0,0.4,565.0
8482446,Joel Blomqvist,PIT,21.2,8.2,0.8945,2.95,532.0,0.4,594.0
8482076,Nico Daws,NJD,18.2,7.9,0.9034,2.42,413.0,1.0,457.0
8483710,Dennis Hildeby,TOR,20.8,7.9,0.9042,2.6,511.0,0.9,565.0
8482221,Devon Levi,BUF,20.2,7.9,0.8931,3.03,512.0,0.4,573.0
8477405,Marcus Hogberg,NYI,21.2,7.8,0.8932,2.54,451.0,0.4,505.0
8480051,Cayden Primeau,MTL,21.2,7.6,0.8886,3.04,515.0,1.0,580.0
8481031,Ivan Prosvetov,COL,18.2,7.5,0.8989,2.42,392.0,0.3,436.0
8477831,Pheonix Copley,LAK,16.0,6.9,0.8944,2.5,338.0,1.5,378.0
8482761,Carl Lindbom,VGK,16.0,6.4,0.8947,2.6,353.0,0.3,395.0
8474682,Dustin Tokarski,CAR,14.5,6.4,0.9003,2.35,307.0,1.7,341.0
8477484,Spencer Martin,NYR,16.9,6.3,0.8837,2.91,373.0,0.7,422.0
8480992,Magnus Chrona,SJS,16.8,6.3,0.8894,3.15,425.0,0.3,478.0
8477035,Matt Tomkins,TBL,14.5,6.2,0.8985,3.02,387.0,0.3,431.0
8483530,Jaxson Stauber,UTA,14.5,6.0,0.8988,2.69,346.0,1.7,385.0
8484312,Georgii Romanov,SJS,16.0,5.9,0.8948,2.87,391.0,0.3,437.0
8477361,Calvin Petersen,PHI,13.8,5.8,0.8947,2.8,327.0,0.3,366.0
8481544,Mads Sogaard,OTT,14.5,5.8,0.8939,2.53,310.0,0.3,346.0
8480238,Jiri Patera,VGK,14.5,5.7,0.8986,3.14,404.0,0.3,450.0
8483532,Clay Stevenson,WSH,13.0,5.7,0.9026,2.51,303.0,0.2,336.0
8483703,Sergei Murashov,PIT,13.8,5.6,0.8996,2.45,302.0,1.9,335.0
8482411,Hunter Shepard,WSH,13.0,5.5,0.8993,2.99,347.0,0.2,386.0
8475789,Jack Campbell,EDM,13.8,5.5,0.8954,3.15,371.0,0.3,414.0
8476899,Matt Murray,SEA,13.8,5.4,0.9027,2.18,278.0,0.3,308.0
8481529,Trent Miner,COL,13.0,5.3,0.9041,2.53,310.0,2.2,342.0
